client_id,order_numb,account_nu,routing_nu,bank_title,bankname1,bankname2,address1_b,address2_b,city_bank,state_bank,zip_b,phone_bank,ach_code_b,frac_routi,check_numb,date,pay_to_the,check_amou,check_amo2,check_amo3,memo,imprintnam,imprintna2,imprintna3,address1_p,address2_p,city_payor,state_payo,zip_p,phone_payo,payor_logo,first,first2,ship_to_at,address,address2,city,st,zip,country,auth_busin,auth1_sig_,auth2_busi,auth2_sig_,invoice1a,invoice1b,invoice1c,invoice1d,invoice1e,invoice1f,invoice2a,invoice2b,invoice2c,invoice2d,invoice2e,invoice2f,invoice3a,invoice3b,invoice3c,invoice3d,invoice3e,invoice3f,invoice4a,invoice4b,invoice4c,invoice4d,invoice4e,invoice4f,invoice5a,invoice5b,invoice5c,invoice5d,invoice5e,invoice5f,invoice6a,invoice6b,invoice6c,invoice6d,invoice6e,invoice6f,invoice7a,invoice7b,invoice7c,invoice7d,invoice7e,invoice7f,invoice8a,invoice8b,invoice8c,invoice8d,invoice8e,invoice8f,invoice9a,invoice9b,invoice9c,invoice9d,invoice9e,invoice9f,invoice10a,invoice10b,invoice10c,invoice10d,invoice10e,invoice10f,invoice11a,invoice11b,invoice11c,invoice11d,invoice11e,invoice11f,invoice12a,invoice12b,invoice12c,invoice12d,invoice12e,invoice12f,invoice13a,invoice13b,invoice13c,invoice13d,invoice13e,invoice13f,invoice14a,invoice14b,invoice14c,invoice14d,invoice14e,invoice14f,invoice15a,invoice15b,invoice15c,invoice15d,invoice15e,invoice15f,invoice16a,invoice16b,invoice16c,invoice16d,invoice16e,invoice16f,invoice17a,invoice17b,invoice17c,invoice17d,invoice17e,invoice17f,invoice18a,invoice18b,invoice18c,invoice18d,invoice18e,invoice18f,invoice19a,invoice19b,invoice19c,invoice19d,invoice19e,invoice19f,invoice20a,invoice20b,invoice20c,invoice20d,invoice20e,invoice20f,invoice21a,invoice21b,invoice21c,invoice21d,invoice21e,invoice21f,detailid,linenumber,orderid,datecode,pdffilenam,last,crrt,barcode,x,status_,errno_,type_,lacs_,company,ocompany,oaddress,oaddress2,ocity,ostate,ozipcode,lot_,ascdesc_,dp_,lacsind_,lacsrc_,stelink_,dpc,dp,chkdg,dpv_,dpvnotes_,leftout_,recno,sequence,cont_id,cont_type,pallet_id,gpb_id,gpb_lvl,gpb_ind,endorse,traymark_,pkgmark_,ratecode_,rate_,entry,imbarcode,imbdigits
client_id,order_numb,account_nu,routing_nu,bank_title,bankname1,bankname2,address1_b,address2_b,city_bank,state_bank,zip_b,phone_bank,ach_code_b,frac_routi,check_numb,date,pay_to_the,check_amou,check_amo2,check_amo3,memo,imprintnam,imprintna2,imprintna3,address1_p,address2_p,city_payor,state_payo,zip_p,phone_payo,,first,first2,ship_to_at,address,address2,city,st,zip,country,auth_busin,SignatureOnFile.jpg,auth2_busi,SignatureOnFile.jpg,invoice1a,invoice1b,invoice1c,invoice1d,invoice1e,invoice1f,invoice2a,invoice2b,invoice2c,invoice2d,invoice2e,invoice2f,invoice3a,invoice3b,invoice3c,invoice3d,invoice3e,invoice3f,invoice4a,invoice4b,invoice4c,invoice4d,invoice4e,invoice4f,invoice5a,invoice5b,invoice5c,invoice5d,invoice5e,invoice5f,invoice6a,invoice6b,invoice6c,invoice6d,invoice6e,invoice6f,invoice7a,invoice7b,invoice7c,invoice7d,invoice7e,invoice7f,invoice8a,invoice8b,invoice8c,invoice8d,invoice8e,invoice8f,invoice9a,invoice9b,invoice9c,invoice9d,invoice9e,invoice9f,invoice10a,invoice10b,invoice10c,invoice10d,invoice10e,invoice10f,invoice11a,invoice11b,invoice11c,invoice11d,invoice11e,invoice11f,invoice12a,invoice12b,invoice12c,invoice12d,invoice12e,invoice12f,invoice13a,invoice13b,invoice13c,invoice13d,invoice13e,invoice13f,invoice14a,invoice14b,invoice14c,invoice14d,invoice14e,invoice14f,invoice15a,invoice15b,invoice15c,invoice15d,invoice15e,invoice15f,invoice16a,invoice16b,invoice16c,invoice16d,invoice16e,invoice16f,invoice17a,invoice17b,invoice17c,invoice17d,invoice17e,invoice17f,invoice18a,invoice18b,invoice18c,invoice18d,invoice18e,invoice18f,invoice19a,invoice19b,invoice19c,invoice19d,invoice19e,invoice19f,invoice20a,invoice20b,invoice20c,invoice20d,invoice20e,invoice20f,invoice21a,invoice21b,invoice21c,invoice21d,invoice21e,invoice21f,detailid,linenumber,orderid,datecode,pdffilenam,last,crrt,barcode,x,status_,errno_,type_,lacs_,company,ocompany,oaddress,oaddress2,ocity,ostate,ozipcode,lot_,ascdesc_,dp_,lacsind_,lacsrc_,stelink_,dpc,dp,chkdg,dpv_,dpvnotes_,leftout_,recno,sequence,cont_id,cont_type,pallet_id,gpb_id,gpb_lvl,gpb_ind,endorse,traymark_,pkgmark_,ratecode_,rate_,entry,imbarcode,imbdigits
12345,7579473,123456789,222222222,,OAK NATIONAL,,1945 OAK AVENUE,,YOUR CITY,IL,12345-6789,800.123.4567,12345678,1-2222/333,536602,2022-03-25,SAMPLE A SAMPLE,1560.00,,,,COMPANY NAME,COMPANY NAME 2,,123 COMPANY ADDRESS,SUITE 555,COMPANY CITY,CS,12345-6789,,,SAMPLE A SAMPLE,SAMPLE B SAMPLE,SAMPLE,777 ANY STREET,UNIT 10,ANY CITY,AS,98765-4321,UNITED STATES OF AMERICA,,SignatureOnFile.jpg,,,5470,2021-01-12,1560.00,0.00,1560.00,,,,,,,,,,,,,,,,,,,,,,,,,,,,,,,,,,,,,,,,,,,,,,,,,,,,,,,,,,,,,,,,,,,,,,,,,,,,,,,,,,,,,,,,,,,,,,,,,,,,,,,,,,,,,,,,,,,,,,,,,,1509138,612,514761,02032021,1509138_Proof.pdf,,C038,/600054753839/, ,V,"11.14,14.5,14.7,15.2,A1",H,,,,,,,,,0012,A, 83,,,,839,83,9,YN NN,AABB,,0000612,0000001,000001,1,,000001,3DG,G,ALL FOR AADC 600,**,*,AB,  0.428,,DTFAAADATADDDAFFTDDDFFDTDTTTATTDAAADAFDATDTTDAFTADFFTDFDAFTFTDFAD,0027020610848100476160005475383
12345,7582543,123456789,222222222,,OAK NATIONAL,,1946 OAK AVENUE,,YOUR CITY,IL,12345-6790,800.123.4568,12345679,1-2222/333,11306,2022-03-25,SAMPLE A SAMPLE,1090.94,,,,COMPANY NAME,,,123 COMPANY ADDRESS,,COMPANY CITY,CS,12345-6789,,,SAMPLE A SAMPLE,SAMPLE B SAMPLE,,777 ANY STREET,UNIT 10,ANY CITY,AS,98765-4321,UNITED STATES OF AMERICA,,SignatureOnFile.jpg,,,33977,2021-02-03,1090.94,0.00,1090.94,"Cancellation 2119 Grand Blvd   Holiday, FL",,,,,,,,,,,,,,,,,,,,,,,,,,,,,,,,,,,,,,,,,,,,,,,,,,,,,,,,,,,,,,,,,,,,,,,,,,,,,,,,,,,,,,,,,,,,,,,,,,,,,,,,,,,,,,,,,,,,,,,,,1509138,1130,514761,02032021,1509138_Proof.pdf,,C012,/600103228990/, ,V,"12.2,12.3,12.4,14.5,14.7,15.1,",H,,,,,,,,,0024,A, 99,,,,990,99,0,SN NY,AACC05,,0001130,0000002,000001,1,,000001,3DG,G,ALL FOR AADC 600,,,AB,  0.428,,DAFTFTDTFDDADTFFFTDFTTFADFDTTFFTTATAAATTADTTTAFTFTTFDTDFFDFADTFTT,0027020610848100476260010322899
12345,7577296,123456789,222222222,,OAK NATIONAL,,1947 OAK AVENUE,,YOUR CITY,IL,12345-6791,800.123.4569,12345680,1-2222/333,10367,2022-03-25,SAMPLE A SAMPLE,1001.25,,,INVOICE: 600,COMPANY NAME,,,123 COMPANY ADDRESS,,COMPANY CITY,CS,12345-6789,,,SAMPLE A SAMPLE,,,777 ANY STREET,,ANY CITY,AS,98765-4321,UNITED STATES OF AMERICA,,SignatureOnFile.jpg,,,600,2021-02-02,1001.25,0.00,1001.25,XN386697,,,,,,,,,,,,,,,,,,,,,,,,,,,,,,,,,,,,,,,,,,,,,,,,,,,,,,,,,,,,,,,,,,,,,,,,,,,,,,,,,,,,,,,,,,,,,,,,,,,,,,,,,,,,,,,,,,,,,,,,,1509138,86,514761,02032021,1509138_Proof.pdf,,C005,/600166515000/, ,V,"11.14,14.5,A1",S,,,,,,,,,0021,D,  0,,,,000,00,0,YN NN,AABB,,0000086,0000003,000001,1,,000001,3DG,G,ALL FOR AADC 600,,,AB,  0.428,,ATTTTFTFAFTFATATADTFDAFTTTDTFDADDTFTFAFFTFFFTDAAATFTAFADDTDATDFDF,0027020610848100476360016651500
12345,7577287,123456789,222222222,,OAK NATIONAL,,1948 OAK AVENUE,,YOUR CITY,IL,12345-6792,800.123.4570,12345681,1-2222/333,10630,2022-03-25,SAMPLE A SAMPLE,3340.00,,,INVOICE: 1109,COMPANY NAME,,,123 COMPANY ADDRESS,SUITE 555,COMPANY CITY,CS,12345-6789,,,SAMPLE A SAMPLE,,,777 ANY STREET,UNIT 10,ANY CITY,AS,98765-4321,UNITED STATES OF AMERICA,,SignatureOnFile.jpg,,,1109,2021-02-02,3340.00,0.00,3340.00,XN386694,,,,,,,,,,,,,,,,,,,,,,,,,,,,,,,,,,,,,,,,,,,,,,,,,,,,,,,,,,,,,,,,,,,,,,,,,,,,,,,,,,,,,,,,,,,,,,,,,,,,,,,,,,,,,,,,,,,,,,,,,1509138,77,514761,02032021,1509138_Proof.pdf,,R003,/600309509459/, ,V,"11.14,14.5,A1",S,,,,,,,,,0042,A, 45,,,,459,45,9,YN NN,AABB,,0000077,0000004,000001,1,,000001,3DG,G,ALL FOR AADC 600,,,AB,  0.428,,DFTTFTDFFFAADTAFATFTDTDFAADADATFDFDATFTDTFFFAAFDFTDADATFTDFTTFDTF,0027020610848100476460030950945
12345,7577195,123456789,222222222,,SIGNATURE BANK,,,,,,,,,1-2222/333,103020755,2022-03-25,SAMPLE A SAMPLE,1012.40,,,,COMPANY NAME,COMPANY NAME 2,,123 COMPANY ADDRESS,SUITE 555,COMPANY CITY,CS,12345-6789,,68153_LOGO.JPG,SAMPLE A SAMPLE,,,777 ANY STREET,,ANY CITY,AS,98765-4321,UNITED STATES OF AMERICA,,SignatureOnFile.jpg,,,115658,2021-02-02,1012.40,0.00,1012.40,,,,,,,,,,,,,,,,,,,,,,,,,,,,,,,,,,,,,,,,,,,,,,,,,,,,,,,,,,,,,,,,,,,,,,,,,,,,,,,,,,,,,,,,,,,,,,,,,,,,,,,,,,,,,,,,,,,,,,,,,,1509138,73,514761,02032021,1509138_Proof.pdf,,R001,/600489658338/, ,V,"11.14,14.5,14.7,15.2,A1",H,,,,,,,,,0190,A, 33,,,,338,33,8,YN NN,AABB,,0000073,0000005,000001,1,,000001,3DG,G,ALL FOR AADC 600,,,AB,  0.428,,FDFDFDAAFFATAFFTTFAFAFFDAFAAATTDFAATTAATTTTDFFFFFDADATADFTTADTDAT,0027020610848100476560048965833
12345,7577147,123456789,222222222,,SIGNATURE BANK,,9450 W BRYN MAWR AVE,,ROSEMONT,IL,60018,,,1-2222/333,410517,2022-03-25,SAMPLE A SAMPLE,283.25,,,,COMPANY NAME,COMPANY NAME 2,,123 COMPANY ADDRESS,SUITE 555,COMPANY CITY,CS,12345-6789,,68153_LOGO.JPG,SAMPLE A SAMPLE,,,777 ANY STREET,,ANY CITY,AS,98765-4321,UNITED STATES OF AMERICA,,SignatureOnFile.jpg,,,804889662,0021-01-08,181.43,0.00,181.43,,804890310,0021-01-07,101.82,0.00,101.82,,,,,,,,,,,,,,,,,,,,,,,,,,,,,,,,,,,,,,,,,,,,,,,,,,,,,,,,,,,,,,,,,,,,,,,,,,,,,,,,,,,,,,,,,,,,,,,,,,,,,,,,,,,,,,,,,,,,1509138,37,514761,02032021,1509138_Proof.pdf,,C000,/600550525255/, ,V,"14.1,A1",S,,,,,,,,,0001,A, 25,,,,255,25,5,Y,AAU1,,0000037,0000006,000001,1,,000001,3DG,G,ALL FOR AADC 600,,,AB,  0.428,,DFTDAAFADFFDTFDFFTATAFAATDFTTAATFFTATTTAFTAAFATTATFFDTDFDFTDFAATF,0027020610848100476660055052525
12345,7580935,123456789,222222222,,KEY BANK,,,,SYRACUSE,NY,,,,1-2222/333,9012609,2022-03-25,SAMPLE A SAMPLE,140733.92,,,,COMPANY NAME,COMPANY NAME 2,,123 COMPANY ADDRESS,SUITE 555,COMPANY CITY,CS,12345-6789,555-777-8888,JPLLOGO.JPG,SAMPLE A SAMPLE,,,777 ANY STREET,UNIT 10,ANY CITY,AS,98765-4321,UNITED STATES OF AMERICA,,SignatureOnFile.jpg,,SignatureOnFile.jpg,INTM05706,2021-02-03,140733.92,0.00,140733.92,NAT GRID DEC20,,,,,,,,,,,,,,,,,,,,,,,,,,,,,,,,,,,,,,,,,,,,,,,,,,,,,,,,,,,,,,,,,,,,,,,,,,,,,,,,,,,,,,,,,,,,,,,,,,,,,,,,,,,,,,,,,,,,,,,,,1509138,979,514761,02032021,1509138_Proof.pdf,,C000,/600557072729/, ,V,"14.1,A1",S,,,,,,,,,0002,A, 72,,,,729,72,9,Y,AAU1,,0000979,0000007,000001,1,,000001,3DG,G,ALL FOR AADC 600,,,AB,  0.428,,DAAATTTTDFTATDAFFTTAFDDTFADTTAFAADAFATTAFTFTDTDDFTFADFTADDTTFATTD,0027020610848100476760055707272
12345,7580909,123456789,222222222,,KEY BANK,,,,SYRACUSE,NY,,,,1-2222/333,9012582,2022-03-25,SAMPLE A SAMPLE,169682.47,,,,COMPANY NAME,,,123 COMPANY ADDRESS,,COMPANY CITY,CS,12345-6789,555-777-8888,Hersha_logo.JPG,SAMPLE A SAMPLE,,,777 ANY STREET,UNIT 10,ANY CITY,AS,98765-4321,UNITED STATES OF AMERICA,,SignatureOnFile.jpg,,SignatureOnFile.jpg,INVG-13928,2021-02-03,15119.88,0.00,15119.88,NAT GRID OCT20,INVG-14356,2021-02-03,6601.15,0.00,6601.15,NAT GRID DEC20,INVG-14357,2021-02-03,37141.22,0.00,37141.22,FIRST ENERGY DEC20,INVG-14358,2021-02-03,8380.06,0.00,8380.06,NAT GRID DEC20,INVG-14359,2021-02-03,4525.69,0.00,4525.69,NAT GRID DEC20,INVG-14360,2021-02-03,10793.47,0.00,10793.47,FIRST ENERGY DEC20,INVG-14361,2021-02-03,12541.48,0.00,12541.48,NAT GRID DEC20,INVG-14362,2021-02-03,3564.70,0.00,3564.70,NAT GRID DEC20,INVG-14364,2021-02-03,10160.50,0.00,10160.50,NAT GRID DEC20,INVG-14365,2021-02-03,11662.00,0.00,11662.00,NAT GRID DEC20,INVG-14366,2021-02-03,5763.50,0.00,5763.50,NAT GRID DEC20,INVG-14367,2021-02-03,4892.50,0.00,4892.50,NAT GRID DEC20,INVG-14369,2021-02-03,11602.50,0.00,11602.50,NAT GRID DEC20,INVG-14371,2021-02-03,3046.32,0.00,3046.32,NAT GRID DEC20,INVG-14372,2021-02-03,9056.25,0.00,9056.25,TURNING STONE DEC20,INVG-14373,2021-02-03,14831.25,0.00,14831.25,TURNING STONE DEC20,,,,,,,,,,,,,,,,,,,,,,,,,,,,,,,1509138,1002,514761,02032021,1509138_Proof.pdf,,C000,/600557686999/, ,V,"14.1,A1",S,,,,,,,,,0002,A, 99,,,,999,99,9,Y,AAU1,,0001002,0000008,000001,1,,000001,3DG,G,ALL FOR AADC 600,,,AB,  0.428,,AATTFTDAAADTTFTFAADFDDAATATAFFAATDTFFAAFFFTTTFFTAAAAAFAATFDFADTAA,0027020610848100476860055768699
12345,7577301,123456789,222222222,,"CIT BANK, N.A.",,,,PASADENA,CA,91103,,,1-2222/333,10754,2022-03-25,SAMPLE A SAMPLE,125.00,,,INVOICE: 012117,COMPANY NAME,,,123 COMPANY ADDRESS,,COMPANY CITY,CS,12345-6789,,68153_LOGO.JPG,SAMPLE A SAMPLE,,,777 ANY STREET,UNIT 10,ANY CITY,AS,98765-4321,UNITED STATES OF AMERICA,,SignatureOnFile.jpg,,,012117,2021-02-02,125.00,0.00,125.00,XN381651,,,,,,,,,,,,,,,,,,,,,,,,,,,,,,,,,,,,,,,,,,,,,,,,,,,,,,,,,,,,,,,,,,,,,,,,,,,,,,,,,,,,,,,,,,,,,,,,,,,,,,,,,,,,,,,,,,,,,,,,,1509138,90,514761,02032021,1509138_Proof.pdf,,C044,/600672286995/, ,V,"12.2,14.5,14.7,15.1,A1",H,,,,,,,,,0021,A, 99,,,,995,99,5,DN NY,AAN105,,0000090,0000009,000001,1,,000001,3DG,G,ALL FOR AADC 600,,,AB,  0.428,,TTFTADFATTDTATAATAAATTDDFTTTFDAAFAFTDFFFTTFFATAATATDDDFTDTDFADATA,0027020610848100476960067228699
12345,7580924,123456789,222222222,,KEY BANK,,,,SYRACUSE,NY,,,,1-2222/333,9012571,2022-03-25,SAMPLE A SAMPLE,2885.00,,,,COMPANY NAME,,,123 COMPANY ADDRESS,SUITE 555,COMPANY CITY,CS,12345-6789,555-777-8888,68153_LOGO.JPG,SAMPLE A SAMPLE,,,777 ANY STREET,,ANY CITY,AS,98765-4321,UNITED STATES OF AMERICA,,SignatureOnFile.jpg,,SignatureOnFile.jpg,20210119121,2021-02-03,2435.00,0.00,2435.00,98025 TRANS,20210128132,2021-02-03,450.00,0.00,450.00,98025 TRANS,,,,,,,,,,,,,,,,,,,,,,,,,,,,,,,,,,,,,,,,,,,,,,,,,,,,,,,,,,,,,,,,,,,,,,,,,,,,,,,,,,,,,,,,,,,,,,,,,,,,,,,,,,,,,,,,,,,1509138,968,514761,02032021,1509138_Proof.pdf,,C024,/600702537073/, ,V,"11.14,14.5,A1",S,,,,,,,,,0079,D, -7,,,,073,07,3,YN NN,AABB,,0000968,0000010,000001,1,,000001,3DG,G,ALL FOR AADC 600,,,AB,  0.428,,ATTADDFDDDTFFADATTAADTTATFDDFDATDADDADAFTDFTTFAFFAADADDTTAFADFDFF,0027020610848100477060070253707
12345,7579738,123456789,222222222,,BANK OF AMERICA,,,,,,,,,1-2222/333,113099,2022-03-25,SAMPLE A SAMPLE,2454.00,,,,COMPANY NAME,COMPANY NAME 2,,123 COMPANY ADDRESS,SUITE 555,COMPANY CITY,CS,12345-6789,,68153_LOGO.JPG,SAMPLE A SAMPLE,,,777 ANY STREET,UNIT 10,ANY CITY,AS,98765-4321,UNITED STATES OF AMERICA,,SignatureOnFile.jpg,,,84417,2021-01-07,2243.00,0.00,2243.00,Friendship Hospital For Animals,84464,2021-01-19,211.00,0.00,211.00,Coral Springs Animal Hospital,,,,,,,,,,,,,,,,,,,,,,,,,,,,,,,,,,,,,,,,,,,,,,,,,,,,,,,,,,,,,,,,,,,,,,,,,,,,,,,,,,,,,,,,,,,,,,,,,,,,,,,,,,,,,,,,,,,1509138,693,514761,02032021,1509138_Proof.pdf,,C022,/600764027503/, ,V,"11.0,11.5,11.14,14.5,A1",S,,,,,,,,,0046,A, 50,,,,503,50,3,YN NN,AABB,,0000693,0000011,000001,1,,000001,3DG,G,ALL FOR AADC 600,,,AB,  0.428,,TDDDDDDAAFDFFDAAADFTTTFAFATDADADAAAFAAADFTFTTAFFFFDTTTTDTFFTADTFT,0027020610848100477160076402750
12345,7579464,123456789,222222222,,SIGNATURE BANK,,,,ROSEMONT,IL,,,,1-2222/333,536587,2022-03-25,SAMPLE A SAMPLE,74.58,,,,COMPANY NAME,COMPANY NAME 2,,123 COMPANY ADDRESS,SUITE 555,COMPANY CITY,CS,12345-6789,,68153_LOGO.JPG,SAMPLE A SAMPLE,,,777 ANY STREET,,ANY CITY,AS,98765-4321,UNITED STATES OF AMERICA,,SignatureOnFile.jpg,,,INV867934,2021-01-14,74.58,0.00,74.58,,,,,,,,,,,,,,,,,,,,,,,,,,,,,,,,,,,,,,,,,,,,,,,,,,,,,,,,,,,,,,,,,,,,,,,,,,,,,,,,,,,,,,,,,,,,,,,,,,,,,,,,,,,,,,,,,,,,,,,,,,1509138,606,514761,02032021,1509138_Proof.pdf,,R001,/600841099959/, ,V,"14.5,A1",S,,,,,,,,,0125,D,-95,,,,959,95,9,YN NN,AABBNDX6X7,,0000606,0000012,000001,1,,000001,3DG,G,ALL FOR AADC 600,,,AB,  0.428,,TAADTATTDATFDAAFFDDFDTAATFATDFTAFFFADAFDTFFTTDDTTFFAAFDFFTFTDFATF,0027020610848100477260084109995
12345,7577305,123456789,222222222,,"CIT BANK, N.A.",,,,PASADENA,CA,91103,,,1-2222/333,1265,2022-03-25,SAMPLE A SAMPLE,2485.00,,,INVOICE: 172193,COMPANY NAME,COMPANY NAME 2,,123 COMPANY ADDRESS,SUITE 555,COMPANY CITY,CS,12345-6789,,68153_LOGO.JPG,SAMPLE A SAMPLE,,,777 ANY STREET,,ANY CITY,AS,98765-4321,UNITED STATES OF AMERICA,,SignatureOnFile.jpg,,,172193,2021-02-02,2485.00,0.00,2485.00,XN382046,,,,,,,,,,,,,,,,,,,,,,,,,,,,,,,,,,,,,,,,,,,,,,,,,,,,,,,,,,,,,,,,,,,,,,,,,,,,,,,,,,,,,,,,,,,,,,,,,,,,,,,,,,,,,,,,,,,,,,,,,1509138,96,514761,02032021,1509138_Proof.pdf,,C005,/600906424900/, ,V,"11.0,11.14,14.5,A1",S,,,,,,,,,0032,A, 90,,,,900,90,0,YN NN,AABBNDX6,,0000096,0000013,000001,1,,000001,3DG,G,ALL FOR AADC 600,,,AB,  0.428,,TFADAAAAFFFTTDADDDADDTADDTFFDFDTAFAFFDTDTTTTATDTFFDFTTFFTTTDADFAT,0027020610848100477360090642490
12345,7577285,123456789,222222222,,"CIT BANK, N.A.",,,,PASADENA,CA,91103,,,1-2222/333,10359,2022-03-25,SAMPLE A SAMPLE,40.58,,,INVOICE: 0334189011921,COMPANY NAME,,,123 COMPANY ADDRESS,,COMPANY CITY,CS,12345-6789,,68153_LOGO.JPG,SAMPLE A SAMPLE,,,777 ANY STREET,UNIT 10,ANY CITY,AS,98765-4321,UNITED STATES OF AMERICA,,SignatureOnFile.jpg,,,0334189011921,2021-02-02,40.58,0.00,40.58,XN386207,,,,,,,,,,,,,,,,,,,,,,,,,,,,,,,,,,,,,,,,,,,,,,,,,,,,,,,,,,,,,,,,,,,,,,,,,,,,,,,,,,,,,,,,,,,,,,,,,,,,,,,,,,,,,,,,,,,,,,,,,1509138,75,514761,02032021,1509138_Proof.pdf,,B050,/600944188884/, ,V,A1,P,,,,,,,,,0001,A, 88,,,,884,88,4,YN NN,AABB,,0000075,0000014,000001,1,,000001,3DG,G,ALL FOR AADC 600,,,AB,  0.428,,TFDADADDFDDFDDTDFFDDATAFATDFDATFFFDDFFFTTFDFFAATADAAFTDAFTFTDTATA,0027020610848100477460094418888
12345,7577284,123456789,222222222,,"CIT BANK, N.A.",,,,PASADENA,CA,91103,,,1-2222/333,10358,2022-03-25,SAMPLE A SAMPLE,40.58,,,INVOICE: 0334171011921,COMPANY NAME,,,123 COMPANY ADDRESS,,COMPANY CITY,CS,12345-6789,,68153_LOGO.JPG,SAMPLE A SAMPLE,,,777 ANY STREET,UNIT 10,ANY CITY,AS,98765-4321,UNITED STATES OF AMERICA,,SignatureOnFile.jpg,,,0334171011921,2021-02-02,40.58,0.00,40.58,XN386206,,,,,,,,,,,,,,,,,,,,,,,,,,,,,,,,,,,,,,,,,,,,,,,,,,,,,,,,,,,,,,,,,,,,,,,,,,,,,,,,,,,,,,,,,,,,,,,,,,,,,,,,,,,,,,,,,,,,,,,,,1509138,76,514761,02032021,1509138_Proof.pdf,,B050,/600944188884/, ,V,A1,P,,,,,,,,,0001,A, 88,,,,884,88,4,YN NN,AABB,,0000076,0000015,000001,1,,000001,3DG,G,ALL FOR AADC 600,,,AB,  0.428,,ADAFTDTADDTTADAADDFTADFADTFTATFFDTTAAFFAAFTTFDFATDDDDTTDDFATTTFAT,0027020610848100477560094418888
12345,7578694,123456789,222222222,,"CIT BANK, NA",,15950 W DODGE ROAD,,OMAHA,NE,68118,,,1-2222/333,0000002046,2022-03-25,SAMPLE A SAMPLE,32.54,,,,COMPANY NAME,,,123 COMPANY ADDRESS,SUITE 555,COMPANY CITY,CS,12345-6789,,68153_LOGO.JPG,SAMPLE A SAMPLE,,,777 ANY STREET,UNIT 10,ANY CITY,AS,98765-4321,UNITED STATES OF AMERICA,,SignatureOnFile.jpg,,,6088334555_20210119,2021-01-19,32.54,0.00,32.54,Account Number: 6088334555,,,,,,,,,,,,,,,,,,,,,,,,,,,,,,,,,,,,,,,,,,,,,,,,,,,,,,,,,,,,,,,,,,,,,,,,,,,,,,,,,,,,,,,,,,,,,,,,,,,,,,,,,,,,,,,,,,,,,,,,,1509138,360,514761,02032021,1509138_Proof.pdf,,B050,/600944510100/, ,V,A1,P,,,,,,,,,0001,A, 10,,,,100,10,0,YN NN,AABB,,0000360,0000016,000001,1,,000001,3DG,G,ALL FOR AADC 600,,,AB,  0.428,,AAAFATFDTFFATAFDDAFTAFATDDDFDADTDFATAATADFFADFADTADADATFTFDTFADDD,0027020610848100477660094451010
12345,7579478,123456789,222222222,,SIGNATURE BANK,,,,ROSEMONT,IL,,,,1-2222/333,536595,2022-03-25,SAMPLE A SAMPLE,66.00,,,,COMPANY NAME,COMPANY NAME 2,,123 COMPANY ADDRESS,SUITE 555,COMPANY CITY,CS,12345-6789,,68153_LOGO.JPG,SAMPLE A SAMPLE,,,777 ANY STREET,,ANY CITY,AS,98765-4321,UNITED STATES OF AMERICA,,SignatureOnFile.jpg,,,1323259,2021-01-11,66.00,0.00,66.00,,,,,,,,,,,,,,,,,,,,,,,,,,,,,,,,,,,,,,,,,,,,,,,,,,,,,,,,,,,,,,,,,,,,,,,,,,,,,,,,,,,,,,,,,,,,,,,,,,,,,,,,,,,,,,,,,,,,,,,,,,1509138,616,514761,02032021,1509138_Proof.pdf,,C024,/611151681659/, ,V,"14.5,A1",S,,,,,,,,,0004,A, 65,,,,659,65,9,YN NN,AABB,,0000616,0000017,000001,1,,000002,3DG,G,ALL FOR AADC 600,,,AB,  0.428,,FDTFDFTFADFFFFAAFDDFAADDFDADAFTFDATFDDFFTDDFFTAAATADTTATTTDDAFAAT,0027020610848100477761115168165
12345,7578516,123456789,222222222,,"CIT BANK, N.A.",,,,PASADENA,CA,91103,,,1-2222/333,600,2022-03-25,SAMPLE A SAMPLE,4765.00,,,,COMPANY NAME,COMPANY NAME 2,,123 COMPANY ADDRESS,SUITE 555,COMPANY CITY,CS,12345-6789,555-777-8888,68153_LOGO.JPG,SAMPLE A SAMPLE,,,777 ANY STREET,UNIT 10,ANY CITY,AS,98765-4321,UNITED STATES OF AMERICA,,SignatureOnFile.jpg,,,22363,2021-01-20,4765.00,0.00,4765.00,Back To Nature - February 2021 Landscape Contract,,,,,,,,,,,,,,,,,,,,,,,,,,,,,,,,,,,,,,,,,,,,,,,,,,,,,,,,,,,,,,,,,,,,,,,,,,,,,,,,,,,,,,,,,,,,,,,,,,,,,,,,,,,,,,,,,,,,,,,,,1509138,183,514761,02032021,1509138_Proof.pdf,,B024,/850059460607/, ,V,"14.5,A1",P,,,,,,,,,0001,A, 60,,,,607,60,7,YN NN,AABB,,0000183,0000018,000002,1,,000001,3DG,G,ALL FOR AADC 852,**,*,AB,  0.428,,AFDFFDTFTFFDTDDFDFDAFAFFDTTDFTAFADTADTFFDDAATTFFFDTDDDFTDTADDDAFT,0027020610848100477885005946060
12345,7578517,123456789,222222222,,"CIT BANK, N.A.",,,,PASADENA,CA,91103,,,1-2222/333,601,2022-03-25,SAMPLE A SAMPLE,165.50,,,,COMPANY NAME,COMPANY NAME 2,,123 COMPANY ADDRESS,SUITE 555,COMPANY CITY,CS,12345-6789,555-777-8888,68153_LOGO.JPG,SAMPLE A SAMPLE,,,777 ANY STREET,,ANY CITY,AS,98765-4321,UNITED STATES OF AMERICA,,SignatureOnFile.jpg,,,22442,2021-01-28,165.50,0.00,165.50,Back To Nature - (1/22/21) Irrigation Repair,,,,,,,,,,,,,,,,,,,,,,,,,,,,,,,,,,,,,,,,,,,,,,,,,,,,,,,,,,,,,,,,,,,,,,,,,,,,,,,,,,,,,,,,,,,,,,,,,,,,,,,,,,,,,,,,,,,,,,,,,1509138,184,514761,02032021,1509138_Proof.pdf,,B024,/850059460607/, ,V,"14.5,A1",P,,,,,,,,,0001,A, 60,,,,607,60,7,YN NN,AABB,,0000184,0000019,000002,1,,000001,3DG,G,ALL FOR AADC 852,,,AB,  0.428,,TFAAAADTAFAAFDFTFDFFFFAAATAATTDFTADDTDFTFDDDTFAFDDFTDDADFAFDTDFDA,0027020610848100477985005946060
12345,7578521,123456789,222222222,,"CIT BANK, N.A.",,,,PASADENA,CA,91103,,,1-2222/333,3929,2022-03-25,SAMPLE A SAMPLE,109.86,,,,COMPANY NAME,,,123 COMPANY ADDRESS,,COMPANY CITY,CS,12345-6789,555-777-8888,68153_LOGO.JPG,SAMPLE A SAMPLE,,,777 ANY STREET,,ANY CITY,AS,98765-4321,UNITED STATES OF AMERICA,,SignatureOnFile.jpg,,,21994,2020-12-10,109.86,0.00,109.86,.,,,,,,,,,,,,,,,,,,,,,,,,,,,,,,,,,,,,,,,,,,,,,,,,,,,,,,,,,,,,,,,,,,,,,,,,,,,,,,,,,,,,,,,,,,,,,,,,,,,,,,,,,,,,,,,,,,,,,,,,,1509138,188,514761,02032021,1509138_Proof.pdf,,B024,/850059460607/, ,V,"14.5,A1",P,,,,,,,,,0001,A, 60,,,,607,60,7,YN NN,AABB,,0000188,0000020,000002,1,,000001,3DG,G,ALL FOR AADC 852,,,AB,  0.428,,FDTTAATDFDATFADTTDAATFADTAFAFADADTTDFFFADTDTFAADATDFTDTFDDDTFTTTA,0027020610848100478085005946060